name,ID-Type,ID-Number
Aswanth,ID-Votercard,1111
Aswanth,ID-Passport,2222
Aswanth,ID-ProvincialCard,3333
Vignesh,ID-Votercard,4444
Vignesh,ID-Passport,5555
Vignesh,ID-ProvincialCard,6666
Priyanga,ID-Votercard,7777
Priyanga,ID-Passport,8888
Priyanga,ID-ProvincialCard,9999
Soma,ID-Votercard,1234
Soma,ID-Passport,5678
Soma,ID-ProvincialCard,9098
Justin,ID-Votercard,7654
Justin,ID-Passport,3211
Justin,ID-ProvincialCard,1122
Sreeram,ID-Votercard,1133
Sreeram,ID-Passport,1144
Sreeram,ID-ProvincialCard,1155
Hari,ID-Votercard,1166
Hari,ID-Passport,1177
Hari,ID-ProvincialCard,1188
Martin,ID-Votercard,1199
Martin,ID-Passport,1100
Martin,ID-ProvincialCard,2211
